{"cameraMode":{"drawMode":0,"name":"Shaded","section":"Shading Mode"},"sceneLighting":false,"audioPlay":false,"sceneViewState":{"showFog":true,"showMaterialUpdate":false,"showSkybox":false,"showFlares":true,"showImageEffects":true,"showParticleSystems":true},"in2DMode":false,"pivot":{"x":-5.003146648406982,"y":0.0,"z":-1.380425214767456},"rotation":{"x":0.14495092630386353,"y":0.02257077768445015,"z":-0.003356130328029394,"w":0.9892085194587708},"size":1.207395076751709,"orthographic":false}