{"cameraMode":{"drawMode":0,"name":"Shaded","section":"Shading Mode"},"sceneLighting":false,"audioPlay":false,"sceneViewState":{"showFog":true,"showMaterialUpdate":false,"showSkybox":false,"showFlares":true,"showImageEffects":true,"showParticleSystems":true},"in2DMode":false,"pivot":{"x":0.16962146759033204,"y":1.402946949005127,"z":-7.800093173980713},"rotation":{"x":0.1343691647052765,"y":0.7247319221496582,"z":-0.14766649901866914,"w":0.659483015537262},"size":5.091362476348877,"orthographic":false}