{"cameraMode":{"drawMode":0,"name":"Shaded","section":"Shading Mode"},"sceneLighting":false,"audioPlay":false,"sceneViewState":{"showFog":true,"showMaterialUpdate":false,"showSkybox":false,"showFlares":true,"showImageEffects":true,"showParticleSystems":true},"in2DMode":false,"pivot":{"x":-24.291702270507814,"y":-19.499286651611329,"z":3.9366800785064699},"rotation":{"x":0.09458035975694657,"y":-0.8306910395622253,"z":0.14852644503116609,"w":0.5282518863677979},"size":25.71074676513672,"orthographic":false}