{"cameraMode":{"drawMode":0,"name":"Shaded","section":"Shading Mode"},"sceneLighting":false,"audioPlay":false,"sceneViewState":{"showFog":true,"showMaterialUpdate":false,"showSkybox":false,"showFlares":true,"showImageEffects":true,"showParticleSystems":true},"in2DMode":false,"pivot":{"x":-0.13719923794269563,"y":1.9036457538604737,"z":0.035227417945861819},"rotation":{"x":0.01199866458773613,"y":-0.013498610816895962,"z":0.00016199363744817674,"w":0.999836802482605},"size":1.2836211919784547,"orthographic":true}