{"cameraMode":{"drawMode":0,"name":"Shaded","section":"Shading Mode"},"sceneLighting":false,"audioPlay":false,"sceneViewState":{"showFog":true,"showMaterialUpdate":false,"showSkybox":false,"showFlares":true,"showImageEffects":true,"showParticleSystems":true},"in2DMode":false,"pivot":{"x":641.1795654296875,"y":308.98382568359377,"z":159.61419677734376},"rotation":{"x":0.0793873518705368,"y":-0.026911482214927675,"z":0.0021439839620143177,"w":0.9964784979820252},"size":456.89739990234377,"orthographic":false}