{"cameraMode":{"drawMode":0,"name":"Shaded","section":"Shading Mode"},"sceneLighting":false,"audioPlay":false,"sceneViewState":{"showFog":true,"showMaterialUpdate":false,"showSkybox":true,"showFlares":true,"showImageEffects":true,"showParticleSystems":true},"in2DMode":false,"pivot":{"x":-3.2421202659606935,"y":2.3542447090148927,"z":-0.28482627868652346},"rotation":{"x":-0.06810738891363144,"y":0.8993366956710815,"z":-0.15142589807510377,"w":-0.4045359492301941},"size":5.982956409454346,"orthographic":false}